{
  "n_samples": 30,
  "threshold": 9.974659986866641e-18,
  "mean_score": 0.067956566444242,
  "std_score": 0.07691018981154407
}